scheme_code,tracking_error_annualized
1001,0.1073814236463762
1002,0.19054509143092682
1003,
1004,
1005,
