txn_type,share
SIP,0.5
Lumpsum,0.16666666666666666
SWP,0.16666666666666666
Redemption,0.16666666666666666
